filename	ATTRIBUTE_GF_SPF	ATTRIBUTE_UBERONBodyPartName	ATTRIBUTE_concat
GF3_Adrenal1_BF3_01_22273.mzXML	GF	Adrenal_gland	GF_Adrenal_gland
GF3_Adrenal2_BF4_01_22274.mzXML	GF	Adrenal_gland	GF_Adrenal_gland
GF4_Adrenal1_BF3_01_22499.mzXML	GF	Adrenal_gland	GF_Adrenal_gland
GF4_Adrenal2_BF4_01_22500.mzXML	GF	Adrenal_gland	GF_Adrenal_gland
SPF1_Adrenal1_BF3_01_21919.mzXML	SPF	Adrenal_gland	SPF_Adrenal_gland
SPF1_Adrenal2_BF4_01_21920.mzXML	SPF	Adrenal_gland	SPF_Adrenal_gland
SPF2_Adrenal1_GF3_01_22160.mzXML	SPF	Adrenal_gland	SPF_Adrenal_gland
SPF2_Adrenal2_GF4_01_22161.mzXML	SPF	Adrenal_gland	SPF_Adrenal_gland
SPF3_Adrenal1_GF3_01_22386.mzXML	SPF	Adrenal_gland	SPF_Adrenal_gland
SPF3_Adrenal2_GF4_01_22387.mzXML	SPF	Adrenal_gland	SPF_Adrenal_gland
SPF4_Adrenal1_GF3_01_22612.mzXML	SPF	Adrenal_gland	SPF_Adrenal_gland
SPF4_Adrenal2_GF4_01_22613.mzXML	SPF	Adrenal_gland	SPF_Adrenal_gland
GF1_Adrenal1_GF3_01_21803.mzXML	GF	Adrenal_gland	GF_Adrenal_gland
GF1_Adrenal2_GF4_01_21804.mzXML	GF	Adrenal_gland	GF_Adrenal_gland
GF2_Adrenal1_BF3_01_22047.mzXML	GF	Adrenal_gland	GF_Adrenal_gland
GF2_Adrenal2_BF4_01_22048.mzXML	GF	Adrenal_gland	GF_Adrenal_gland
GF_bedding_GA2_01_21961.mzXML	GF	Bedding	GF_Bedding
SPF_bedding_GA1_01_21960.mzXML	SPF	Bedding	SPF_Bedding
GF1_Bladder_GE10_01_21796.mzXML	GF	Bladder	GF_Bladder
GF2_Bladder_BE10_01_22040.mzXML	GF	Bladder	GF_Bladder
GF3_Bladder_BE10_01_22266.mzXML	GF	Bladder	GF_Bladder
GF4_Bladder_BE10_01_22492.mzXML	GF	Bladder	GF_Bladder
SPF1_Bladder_BE10_01_21912.mzXML	SPF	Bladder	SPF_Bladder
SPF2_Bladder_GE10_01_22153.mzXML	SPF	Bladder	SPF_Bladder
SPF3_Bladder_GE10_01_22379.mzXML	SPF	Bladder	SPF_Bladder
SPF4_Bladder_GE10_01_22605.mzXML	SPF	Bladder	SPF_Bladder
GF1_Blood_GA2_01_21729.mzXML	GF	Blood	GF_Blood
GF1_Blood_GA2_01_21730.mzXML	GF	Blood	GF_Blood
GF2_Blood_BA2_01_21975.mzXML	GF	Blood	GF_Blood
GF3_Blood_BA2_01_22202.mzXML	GF	Blood	GF_Blood
GF4_Blood_BA2_01_22428.mzXML	GF	Blood	GF_Blood
SPF1_Blood_BA2_01_21846.mzXML	SPF	Blood	SPF_Blood
SPF2_Blood_GA2_01_22088.mzXML	SPF	Blood	SPF_Blood
SPF2_Blood_GA2_01_22089.mzXML	SPF	Blood	SPF_Blood
SPF3_Blood_GA2_01_22314.mzXML	SPF	Blood	SPF_Blood
SPF3_Blood_GA2_01_22315.mzXML	SPF	Blood	SPF_Blood
SPF4_Blood_GA2_01_22541.mzXML	SPF	Blood	SPF_Blood
GF1_Brain1_GH9_01_21837.mzXML	GF	Brain	GF_Brain
GF1_Brain2_GH10_01_21838.mzXML	GF	Brain	GF_Brain
GF1_Brain3_GH11_01_21839.mzXML	GF	Brain	GF_Brain
GF1_Brain4_GH12_01_21840.mzXML	GF	Brain	GF_Brain
GF2_Brain1_BH9_01_22081.mzXML	GF	Brain	GF_Brain
GF2_Brain2_BH10_01_22082.mzXML	GF	Brain	GF_Brain
GF2_Brain3_BH11_01_22083.mzXML	GF	Brain	GF_Brain
GF2_Brain4_BH12_01_22084.mzXML	GF	Brain	GF_Brain
GF3_Brain1_BH9_01_22307.mzXML	GF	Brain	GF_Brain
GF3_Brain2_BH10_01_22308.mzXML	GF	Brain	GF_Brain
GF3_Brain3_BH11_01_22309.mzXML	GF	Brain	GF_Brain
GF3_Brain4_BH12_01_22310.mzXML	GF	Brain	GF_Brain
GF4_Brain1_BH9_01_22533.mzXML	GF	Brain	GF_Brain
GF4_Brain2_BH10_01_22534.mzXML	GF	Brain	GF_Brain
GF4_Brain3_BH11_01_22535.mzXML	GF	Brain	GF_Brain
GF4_Brain4_BH12_01_22536.mzXML	GF	Brain	GF_Brain
SPF1_Brain1_BH9_01_21953.mzXML	SPF	Brain	SPF_Brain
SPF1_Brain2_BH10_01_21954.mzXML	SPF	Brain	SPF_Brain
SPF1_Brain3_BH11_01_21955.mzXML	SPF	Brain	SPF_Brain
SPF1_Brain4_BH12_01_21956.mzXML	SPF	Brain	SPF_Brain
SPF2_Brain1_GH9_01_22194.mzXML	SPF	Brain	SPF_Brain
SPF2_Brain2_GH10_01_22195.mzXML	SPF	Brain	SPF_Brain
SPF2_Brain3_GH11_01_22196.mzXML	SPF	Brain	SPF_Brain
SPF2_Brain4_GH12_01_22197.mzXML	SPF	Brain	SPF_Brain
SPF3_Brain1_GH9_01_22420.mzXML	SPF	Brain	SPF_Brain
SPF3_Brain2_GH10_01_22421.mzXML	SPF	Brain	SPF_Brain
SPF3_Brain3_GH11_01_22422.mzXML	SPF	Brain	SPF_Brain
SPF3_Brain4_GH12_01_22423.mzXML	SPF	Brain	SPF_Brain
SPF4_Brain1_GH9_01_22647.mzXML	SPF	Brain	SPF_Brain
SPF4_Brain2_GH10_01_22648.mzXML	SPF	Brain	SPF_Brain
SPF4_Brain3_GH11_01_22649.mzXML	SPF	Brain	SPF_Brain
SPF4_Brain4_GH12_01_22650.mzXML	SPF	Brain	SPF_Brain
GF1_Cecum1_GD10_01_21781.mzXML	GF	Cecum	GF_Cecum
GF1_Cecum2_GD11_01_21782.mzXML	GF	Cecum	GF_Cecum
GF1_Cecum3_GD12_01_21783.mzXML	GF	Cecum	GF_Cecum
GF1_Cecum4_GE1_01_21786.mzXML	GF	Cecum	GF_Cecum
GF1_Cecum5_GE2_01_21787.mzXML	GF	Cecum	GF_Cecum
GF1_Cecum6_GE3_01_21788.mzXML	GF	Cecum	GF_Cecum
GF2_Cecum1_BD10_01_22026.mzXML	GF	Cecum	GF_Cecum
GF2_Cecum2_BD11_01_22027.mzXML	GF	Cecum	GF_Cecum
GF2_Cecum3_BD12_01_22028.mzXML	GF	Cecum	GF_Cecum
GF2_Cecum4_BE1_01_22031.mzXML	GF	Cecum	GF_Cecum
GF2_Cecum5_BE2_01_22032.mzXML	GF	Cecum	GF_Cecum
GF2_Cecum6_BE3_01_22033.mzXML	GF	Cecum	GF_Cecum
GF3_Cecum1_BD10_01_22252.mzXML	GF	Cecum	GF_Cecum
GF3_Cecum2_BD11_01_22253.mzXML	GF	Cecum	GF_Cecum
GF3_Cecum3_BD12_01_22254.mzXML	GF	Cecum	GF_Cecum
GF3_Cecum4_BE1_01_22257.mzXML	GF	Cecum	GF_Cecum
GF3_Cecum5_BE2_01_22258.mzXML	GF	Cecum	GF_Cecum
GF3_Cecum6_BE3_01_22259.mzXML	GF	Cecum	GF_Cecum
GF4_Cecum1_BD10_01_22478.mzXML	GF	Cecum	GF_Cecum
GF4_Cecum2_BD11_01_22479.mzXML	GF	Cecum	GF_Cecum
GF4_Cecum3_BD12_01_22480.mzXML	GF	Cecum	GF_Cecum
GF4_Cecum4_BE1_01_22483.mzXML	GF	Cecum	GF_Cecum
GF4_Cecum5_BE2_01_22484.mzXML	GF	Cecum	GF_Cecum
GF4_Cecum6_BE3_01_22485.mzXML	GF	Cecum	GF_Cecum
SPF1_Cecum1_BD10_01_21898.mzXML	SPF	Cecum	SPF_Cecum
SPF1_Cecum2_BD11_01_21899.mzXML	SPF	Cecum	SPF_Cecum
SPF1_Cecum3_BD12_01_21900.mzXML	SPF	Cecum	SPF_Cecum
SPF1_Cecum4_BE1_01_21903.mzXML	SPF	Cecum	SPF_Cecum
SPF1_Cecum5_BE2_01_21904.mzXML	SPF	Cecum	SPF_Cecum
SPF1_Cecum6_BE3_01_21905.mzXML	SPF	Cecum	SPF_Cecum
SPF2_Cecum1_GD10_01_22139.mzXML	SPF	Cecum	SPF_Cecum
SPF2_Cecum2_GD11_01_22140.mzXML	SPF	Cecum	SPF_Cecum
SPF2_Cecum3_GD12_01_22141.mzXML	SPF	Cecum	SPF_Cecum
SPF2_Cecum4_GE1_01_22144.mzXML	SPF	Cecum	SPF_Cecum
SPF2_Cecum5_GE2_01_22145.mzXML	SPF	Cecum	SPF_Cecum
SPF2_Cecum6_GE3_01_22146.mzXML	SPF	Cecum	SPF_Cecum
SPF3_Cecum1_GD10_01_22365.mzXML	SPF	Cecum	SPF_Cecum
SPF3_Cecum2_GD11_01_22366.mzXML	SPF	Cecum	SPF_Cecum
SPF3_Cecum3_GD12_01_22367.mzXML	SPF	Cecum	SPF_Cecum
SPF3_Cecum4_GE1_01_22370.mzXML	SPF	Cecum	SPF_Cecum
SPF3_Cecum5_GE2_01_22371.mzXML	SPF	Cecum	SPF_Cecum
SPF3_Cecum6_GE3_01_22372.mzXML	SPF	Cecum	SPF_Cecum
SPF4_Cecum1_GD10_01_22591.mzXML	SPF	Cecum	SPF_Cecum
SPF4_Cecum2_GD11_01_22592.mzXML	SPF	Cecum	SPF_Cecum
SPF4_Cecum3_GD12_01_22593.mzXML	SPF	Cecum	SPF_Cecum
SPF4_Cecum4_GE1_01_22596.mzXML	SPF	Cecum	SPF_Cecum
SPF4_Cecum5_GE2_01_22597.mzXML	SPF	Cecum	SPF_Cecum
SPF4_Cecum6_GE3_01_22598.mzXML	SPF	Cecum	SPF_Cecum
GF1_Cervix_GG2_01_21816.mzXML	GF	Cervix	GF_Cervix
GF2_Cervix_BG2_01_22060.mzXML	GF	Cervix	GF_Cervix
GF3_Cervix_BG2_01_22286.mzXML	GF	Cervix	GF_Cervix
GF4_Cervix_BG2_01_22512.mzXML	GF	Cervix	GF_Cervix
SPF1_Cervix_BG2_01_21932.mzXML	SPF	Cervix	SPF_Cervix
SPF2_Cervix_GG2_01_22173.mzXML	SPF	Cervix	SPF_Cervix
SPF3_Cervix_GG2_01_22399.mzXML	SPF	Cervix	SPF_Cervix
SPF4_Cervix_GG2_01_22625.mzXML	SPF	Cervix	SPF_Cervix
GF1_Colon1_GE4_01_21789.mzXML	GF	Colon	GF_Colon
GF1_Colon2_GE5_01_21790.mzXML	GF	Colon	GF_Colon
GF1_Colon3_GE6_01_21791.mzXML	GF	Colon	GF_Colon
GF1_Colon3_GE6_01_21792.mzXML	GF	Colon	GF_Colon
GF1_Colon4_GE7_01_21793.mzXML	GF	Colon	GF_Colon
GF1_Colon5_GE8_01_21794.mzXML	GF	Colon	GF_Colon
GF1_Colon6_GE9_01_21795.mzXML	GF	Colon	GF_Colon
GF2_Colon1_BE4_01_22034.mzXML	GF	Colon	GF_Colon
GF2_Colon2_BE5_01_22035.mzXML	GF	Colon	GF_Colon
GF2_Colon3_BE6_01_22036.mzXML	GF	Colon	GF_Colon
GF2_Colon4_BE7_01_22037.mzXML	GF	Colon	GF_Colon
GF2_Colon5_BE8_01_22038.mzXML	GF	Colon	GF_Colon
GF2_Colon6_BE9_01_22039.mzXML	GF	Colon	GF_Colon
GF3_Colon1_BE4_01_22260.mzXML	GF	Colon	GF_Colon
GF3_Colon2_BE5_01_22261.mzXML	GF	Colon	GF_Colon
GF3_Colon3_BE6_01_22262.mzXML	GF	Colon	GF_Colon
GF3_Colon4_BE7_01_22263.mzXML	GF	Colon	GF_Colon
GF3_Colon5_BE8_01_22264.mzXML	GF	Colon	GF_Colon
GF3_Colon6_BE9_01_22265.mzXML	GF	Colon	GF_Colon
GF4_Colon1_BE4_01_22486.mzXML	GF	Colon	GF_Colon
GF4_Colon2_BE5_01_22487.mzXML	GF	Colon	GF_Colon
GF4_Colon3_BE6_01_22488.mzXML	GF	Colon	GF_Colon
GF4_Colon4_BE7_01_22489.mzXML	GF	Colon	GF_Colon
GF4_Colon5_BE8_01_22490.mzXML	GF	Colon	GF_Colon
GF4_Colon6_BE9_01_22491.mzXML	GF	Colon	GF_Colon
SPF1_Colon1_BE4_01_21906.mzXML	SPF	Colon	SPF_Colon
SPF1_Colon2_BE5_01_21907.mzXML	SPF	Colon	SPF_Colon
SPF1_Colon3_BE6_01_21908.mzXML	SPF	Colon	SPF_Colon
SPF1_Colon4_BE7_01_21909.mzXML	SPF	Colon	SPF_Colon
SPF1_Colon5_BE8_01_21910.mzXML	SPF	Colon	SPF_Colon
SPF1_Colon6_BE9_01_21911.mzXML	SPF	Colon	SPF_Colon
SPF2_Colon1_GE4_01_22147.mzXML	SPF	Colon	SPF_Colon
SPF2_Colon2_GE5_01_22148.mzXML	SPF	Colon	SPF_Colon
SPF2_Colon3_GE6_01_22149.mzXML	SPF	Colon	SPF_Colon
SPF2_Colon4_GE7_01_22150.mzXML	SPF	Colon	SPF_Colon
SPF2_Colon5_GE8_01_22151.mzXML	SPF	Colon	SPF_Colon
SPF2_Colon6_GE9_01_22152.mzXML	SPF	Colon	SPF_Colon
SPF3_Colon1_GE4_01_22373.mzXML	SPF	Colon	SPF_Colon
SPF3_Colon2_GE5_01_22374.mzXML	SPF	Colon	SPF_Colon
SPF3_Colon3_GE6_01_22375.mzXML	SPF	Colon	SPF_Colon
SPF3_Colon4_GE7_01_22376.mzXML	SPF	Colon	SPF_Colon
SPF3_Colon5_GE8_01_22377.mzXML	SPF	Colon	SPF_Colon
SPF3_Colon6_GE9_01_22378.mzXML	SPF	Colon	SPF_Colon
SPF4_Colon1_GE4_01_22599.mzXML	SPF	Colon	SPF_Colon
SPF4_Colon2_GE5_01_22600.mzXML	SPF	Colon	SPF_Colon
SPF4_Colon3_GE6_01_22601.mzXML	SPF	Colon	SPF_Colon
SPF4_Colon4_GE7_01_22602.mzXML	SPF	Colon	SPF_Colon
SPF4_Colon5_GE8_01_22603.mzXML	SPF	Colon	SPF_Colon
SPF4_Colon6_GE9_01_22604.mzXML	SPF	Colon	SPF_Colon
GF2_Duo1_BC4_01_22006.mzXML	GF	Duodenum	GF_Duodenum
GF2_Duo2_BC5_01_22007.mzXML	GF	Duodenum	GF_Duodenum
GF2_Duo3_BC6_01_22008.mzXML	GF	Duodenum	GF_Duodenum
GF2_Duo4_BC7_01_22009.mzXML	GF	Duodenum	GF_Duodenum
GF2_Duo5_BC8_01_22010.mzXML	GF	Duodenum	GF_Duodenum
GF2_Duo6_BC9_01_22011.mzXML	GF	Duodenum	GF_Duodenum
GF3_Duo1_BC4_01_22232.mzXML	GF	Duodenum	GF_Duodenum
GF3_Duo2_BC5_01_22233.mzXML	GF	Duodenum	GF_Duodenum
GF3_Duo3_BC6_01_22234.mzXML	GF	Duodenum	GF_Duodenum
GF3_Duo4_BC7_01_22235.mzXML	GF	Duodenum	GF_Duodenum
GF3_Duo5_BC8_01_22236.mzXML	GF	Duodenum	GF_Duodenum
GF3_Duo6_BC9_01_22237.mzXML	GF	Duodenum	GF_Duodenum
GF4_Duo1_BC4_01_22458.mzXML	GF	Duodenum	GF_Duodenum
GF4_Duo2_BC5_01_22459.mzXML	GF	Duodenum	GF_Duodenum
GF4_Duo3_BC6_01_22460.mzXML	GF	Duodenum	GF_Duodenum
GF4_Duo4_BC7_01_22461.mzXML	GF	Duodenum	GF_Duodenum
GF4_Duo5_BC8_01_22462.mzXML	GF	Duodenum	GF_Duodenum
GF4_Duo6_BC9_01_22463.mzXML	GF	Duodenum	GF_Duodenum
SPF1_Duo1_BC4_01_21878.mzXML	SPF	Duodenum	SPF_Duodenum
SPF1_Duo2_BC5_01_21879.mzXML	SPF	Duodenum	SPF_Duodenum
SPF1_Duo3_BC6_01_21880.mzXML	SPF	Duodenum	SPF_Duodenum
SPF1_Duo4_BC7_01_21881.mzXML	SPF	Duodenum	SPF_Duodenum
SPF1_Duo5_BC8_01_21882.mzXML	SPF	Duodenum	SPF_Duodenum
SPF1_Duo6_BC9_01_21883.mzXML	SPF	Duodenum	SPF_Duodenum
SPF2_Duo1_GC4_01_22119.mzXML	SPF	Duodenum	SPF_Duodenum
SPF2_Duo2_GC5_01_22120.mzXML	SPF	Duodenum	SPF_Duodenum
SPF2_Duo3_GC6_01_22121.mzXML	SPF	Duodenum	SPF_Duodenum
SPF2_Duo4_GC7_01_22122.mzXML	SPF	Duodenum	SPF_Duodenum
SPF2_Duo5_GC8_01_22123.mzXML	SPF	Duodenum	SPF_Duodenum
SPF2_Duo6_GC9_01_22124.mzXML	SPF	Duodenum	SPF_Duodenum
SPF3_Duo1_GC4_01_22345.mzXML	SPF	Duodenum	SPF_Duodenum
SPF3_Duo2_GC5_01_22346.mzXML	SPF	Duodenum	SPF_Duodenum
SPF3_Duo3_GC6_01_22347.mzXML	SPF	Duodenum	SPF_Duodenum
SPF3_Duo4_GC7_01_22348.mzXML	SPF	Duodenum	SPF_Duodenum
SPF3_Duo5_GC8_01_22349.mzXML	SPF	Duodenum	SPF_Duodenum
SPF3_Duo6_GC9_01_22350.mzXML	SPF	Duodenum	SPF_Duodenum
SPF4_Duo1_GC4_01_22571.mzXML	SPF	Duodenum	SPF_Duodenum
SPF4_Duo2_GC5_01_22572.mzXML	SPF	Duodenum	SPF_Duodenum
SPF4_Duo3_GC6_01_22573.mzXML	SPF	Duodenum	SPF_Duodenum
SPF4_Duo4_GC7_01_22574.mzXML	SPF	Duodenum	SPF_Duodenum
SPF4_Duo5_GC8_01_22575.mzXML	SPF	Duodenum	SPF_Duodenum
SPF4_Duo6_GC9_01_22576.mzXML	SPF	Duodenum	SPF_Duodenum
GF1_Duo1_GC4_01_21761.mzXML	GF	Duodenum	GF_Duodenum
GF1_Duo2_GC5_01_21762.mzXML	GF	Duodenum	GF_Duodenum
GF1_Duo3_GC6_01_21763.mzXML	GF	Duodenum	GF_Duodenum
GF1_Duo4_GC7_01_21764.mzXML	GF	Duodenum	GF_Duodenum
GF1_Duo5_GC8_01_21765.mzXML	GF	Duodenum	GF_Duodenum
GF1_Duo6_GC9_01_21766.mzXML	GF	Duodenum	GF_Duodenum
GF2_Ear1_BA9_01_21982.mzXML	GF	Ear_swab	GF_Ear_swab
GF2_Ear2_BA10_01_21983.mzXML	GF	Ear_swab	GF_Ear_swab
GF3_Ear1_BA9_01_22209.mzXML	GF	Ear_swab	GF_Ear_swab
GF3_Ear2_BA10_01_22210.mzXML	GF	Ear_swab	GF_Ear_swab
GF4_Ear1_BA9_01_22435.mzXML	GF	Ear_swab	GF_Ear_swab
GF4_Ear2_BA10_01_22436.mzXML	GF	Ear_swab	GF_Ear_swab
SPF1_Ear1_BA9_01_21853.mzXML	SPF	Ear_swab	SPF_Ear_swab
SPF1_Ear2_BA10_01_21854.mzXML	SPF	Ear_swab	SPF_Ear_swab
SPF2_Ear1_GA9_01_22096.mzXML	SPF	Ear_swab	SPF_Ear_swab
SPF2_Ear2_GA10_01_22097.mzXML	SPF	Ear_swab	SPF_Ear_swab
SPF3_Ear1_GA9_01_22322.mzXML	SPF	Ear_swab	SPF_Ear_swab
SPF3_Ear2_GA10_01_22323.mzXML	SPF	Ear_swab	SPF_Ear_swab
SPF4_Ear1_GA9_01_22548.mzXML	SPF	Ear_swab	SPF_Ear_swab
SPF4_Ear2_GA10_01_22549.mzXML	SPF	Ear_swab	SPF_Ear_swab
GF1_Ear1_GA9_01_21737.mzXML	GF	Ear_swab	GF_Ear_swab
GF1_Ear2_GA10_01_21738.mzXML	GF	Ear_swab	GF_Ear_swab
GF2_Eso1_BH4_01_22076.mzXML	GF	Esophagus	GF_Esophagus
GF2_Eso2_BH5_01_22077.mzXML	GF	Esophagus	GF_Esophagus
GF2_Eso3_BH6_01_22078.mzXML	GF	Esophagus	GF_Esophagus
GF2_Eso4_BH7_01_22079.mzXML	GF	Esophagus	GF_Esophagus
GF3_Eso1_BH4_01_22302.mzXML	GF	Esophagus	GF_Esophagus
GF3_Eso2_BH5_01_22303.mzXML	GF	Esophagus	GF_Esophagus
GF3_Eso3_BH6_01_22304.mzXML	GF	Esophagus	GF_Esophagus
GF3_Eso4_BH7_01_22305.mzXML	GF	Esophagus	GF_Esophagus
GF4_Eso1_BH4_01_22528.mzXML	GF	Esophagus	GF_Esophagus
GF4_Eso2_BH5_01_22529.mzXML	GF	Esophagus	GF_Esophagus
GF4_Eso3_BH6_01_22530.mzXML	GF	Esophagus	GF_Esophagus
GF4_Eso4_BH7_01_22531.mzXML	GF	Esophagus	GF_Esophagus
SPF1_Eso1_BH4_01_21948.mzXML	SPF	Esophagus	SPF_Esophagus
SPF1_Eso2_BH5_01_21949.mzXML	SPF	Esophagus	SPF_Esophagus
SPF1_Eso3_BH6_01_21950.mzXML	SPF	Esophagus	SPF_Esophagus
SPF1_Eso4_BH7_01_21951.mzXML	SPF	Esophagus	SPF_Esophagus
SPF2_Eso1_GH4_01_22189.mzXML	SPF	Esophagus	SPF_Esophagus
SPF2_Eso2_GH5_01_22190.mzXML	SPF	Esophagus	SPF_Esophagus
SPF2_Eso3_GH6_01_22191.mzXML	SPF	Esophagus	SPF_Esophagus
SPF2_Eso4_GH7_01_22192.mzXML	SPF	Esophagus	SPF_Esophagus
SPF3_Eso1_GH4_01_22415.mzXML	SPF	Esophagus	SPF_Esophagus
SPF3_Eso2_GH5_01_22416.mzXML	SPF	Esophagus	SPF_Esophagus
SPF3_Eso3_GH6_01_22417.mzXML	SPF	Esophagus	SPF_Esophagus
SPF3_Eso4_GH7_01_22418.mzXML	SPF	Esophagus	SPF_Esophagus
SPF4_Eso1_GH4_01_22641.mzXML	SPF	Esophagus	SPF_Esophagus
SPF4_Eso2_GH5_01_22642.mzXML	SPF	Esophagus	SPF_Esophagus
SPF4_Eso3_GH6_01_22643.mzXML	SPF	Esophagus	SPF_Esophagus
SPF4_Eso3_GH6_01_22651.mzXML	SPF	Esophagus	SPF_Esophagus
SPF4_Eso4_GH7_01_22645.mzXML	SPF	Esophagus	SPF_Esophagus
GF1_Eso1_GH4_01_21832.mzXML	GF	Esophagus	GF_Esophagus
GF1_Eso2_GH5_01_21833.mzXML	GF	Esophagus	GF_Esophagus
GF1_Eso3_GH6_01_21834.mzXML	GF	Esophagus	GF_Esophagus
GF1_Eso4_GH7_01_21835.mzXML	GF	Esophagus	GF_Esophagus
GF1_Foot1_GA5_01_21733.mzXML	GF	Foot	GF_Foot
GF1_Foot2_GA6_01_21734.mzXML	GF	Foot	GF_Foot
GF1_Foot3_GA7_01_21735.mzXML	GF	Foot	GF_Foot
GF1_Foot4_GA8_01_21736.mzXML	GF	Foot	GF_Foot
GF2_Foot1_BA5_01_21978.mzXML	GF	Foot	GF_Foot
GF2_Foot2_BA6_01_21979.mzXML	GF	Foot	GF_Foot
GF2_Foot3_BA7_01_21980.mzXML	GF	Foot	GF_Foot
GF2_Foot4_BA8_01_21981.mzXML	GF	Foot	GF_Foot
GF3_Foot1_BA5_01_22205.mzXML	GF	Foot	GF_Foot
GF3_Foot2_BA6_01_22206.mzXML	GF	Foot	GF_Foot
GF3_Foot3_BA7_01_22207.mzXML	GF	Foot	GF_Foot
GF3_Foot4_BA8_01_22208.mzXML	GF	Foot	GF_Foot
GF4_Foot1_BA5_01_22431.mzXML	GF	Foot	GF_Foot
GF4_Foot2_BA6_01_22432.mzXML	GF	Foot	GF_Foot
GF4_Foot3_BA7_01_22433.mzXML	GF	Foot	GF_Foot
GF4_Foot4_BA8_01_22434.mzXML	GF	Foot	GF_Foot
SPF1_Foot1_BA5_01_21849.mzXML	SPF	Foot	SPF_Foot
SPF1_Foot2_BA6_01_21850.mzXML	SPF	Foot	SPF_Foot
SPF1_Foot3_BA7_01_21851.mzXML	SPF	Foot	SPF_Foot
SPF1_Foot4_BA8_01_21852.mzXML	SPF	Foot	SPF_Foot
SPF2_Foot1_GA5_01_22092.mzXML	SPF	Foot	SPF_Foot
SPF2_Foot2_GA6_01_22093.mzXML	SPF	Foot	SPF_Foot
SPF2_Foot3_GA7_01_22094.mzXML	SPF	Foot	SPF_Foot
SPF2_Foot4_GA8_01_22095.mzXML	SPF	Foot	SPF_Foot
SPF3_Foot1_GA5_01_22318.mzXML	SPF	Foot	SPF_Foot
SPF3_Foot2_GA6_01_22319.mzXML	SPF	Foot	SPF_Foot
SPF3_Foot3_GA7_01_22320.mzXML	SPF	Foot	SPF_Foot
SPF3_Foot4_GA8_01_22321.mzXML	SPF	Foot	SPF_Foot
SPF4_Foot1_GA5_01_22544.mzXML	SPF	Foot	SPF_Foot
SPF4_Foot2_GA6_01_22545.mzXML	SPF	Foot	SPF_Foot
SPF4_Foot3_GA7_01_22546.mzXML	SPF	Foot	SPF_Foot
SPF4_Foot4_GA8_01_22547.mzXML	SPF	Foot	SPF_Foot
GF2_Gall_BB4_01_21992.mzXML	GF	Gallbladder	GF_Gallbladder
GF3_Gall_BB4_01_22218.mzXML	GF	Gallbladder	GF_Gallbladder
GF4_Gall_BB4_01_22444.mzXML	GF	Gallbladder	GF_Gallbladder
SPF1_Gall_BB4_01_21864.mzXML	SPF	Gallbladder	SPF_Gallbladder
SPF2_Gall_GB4_01_22105.mzXML	SPF	Gallbladder	SPF_Gallbladder
SPF3_Gall_GB4_01_22331.mzXML	SPF	Gallbladder	SPF_Gallbladder
SPF4_Gall_GB4_01_22557.mzXML	SPF	Gallbladder	SPF_Gallbladder
GF1_Gall_GB4_01_21747.mzXML	GF	Gallbladder	GF_Gallbladder
GF1_Heart1_GG3_01_21817.mzXML	GF	Heart	GF_Heart
GF1_Heart2_GG4_01_21818.mzXML	GF	Heart	GF_Heart
GF1_Heart3_GG5_01_21819.mzXML	GF	Heart	GF_Heart
GF1_Heart4_GG6_01_21820.mzXML	GF	Heart	GF_Heart
GF2_Heart1_BG3_01_22061.mzXML	GF	Heart	GF_Heart
GF2_Heart2_BG4_01_22062.mzXML	GF	Heart	GF_Heart
GF2_Heart3_BG5_01_22063.mzXML	GF	Heart	GF_Heart
GF2_Heart4_BG6_01_22064.mzXML	GF	Heart	GF_Heart
GF3_Heart1_BG3_01_22287.mzXML	GF	Heart	GF_Heart
GF3_Heart2_BG4_01_22288.mzXML	GF	Heart	GF_Heart
GF3_Heart3_BG5_01_22289.mzXML	GF	Heart	GF_Heart
GF3_Heart4_BG6_01_22290.mzXML	GF	Heart	GF_Heart
GF4_Heart1_BG3_01_22513.mzXML	GF	Heart	GF_Heart
GF4_Heart2_BG4_01_22514.mzXML	GF	Heart	GF_Heart
GF4_Heart3_BG5_01_22515.mzXML	GF	Heart	GF_Heart
GF4_Heart4_BG6_01_22516.mzXML	GF	Heart	GF_Heart
SPF1_Heart1_GG3_01_21933.mzXML	SPF	Heart	SPF_Heart
SPF1_Heart2_BG4_01_21934.mzXML	SPF	Heart	SPF_Heart
SPF1_Heart3_BG5_01_21935.mzXML	SPF	Heart	SPF_Heart
SPF1_Heart4_BG6_01_21936.mzXML	SPF	Heart	SPF_Heart
SPF2_Heart1_GG3_01_22174.mzXML	SPF	Heart	SPF_Heart
SPF2_Heart2_GG4_01_22175.mzXML	SPF	Heart	SPF_Heart
SPF2_Heart3_GG5_01_22176.mzXML	SPF	Heart	SPF_Heart
SPF2_Heart4_GG6_01_22177.mzXML	SPF	Heart	SPF_Heart
SPF3_Heart1_GG3_01_22400.mzXML	SPF	Heart	SPF_Heart
SPF3_Heart2_GG4_01_22401.mzXML	SPF	Heart	SPF_Heart
SPF3_Heart3_GG5_01_22402.mzXML	SPF	Heart	SPF_Heart
SPF3_Heart4_GG6_01_22403.mzXML	SPF	Heart	SPF_Heart
SPF4_Heart1_GG3_01_22626.mzXML	SPF	Heart	SPF_Heart
SPF4_Heart2_GG4_01_22627.mzXML	SPF	Heart	SPF_Heart
SPF4_Heart3_GG5_01_22628.mzXML	SPF	Heart	SPF_Heart
SPF4_Heart4_GG6_01_22629.mzXML	SPF	Heart	SPF_Heart
GF2_Ile1_BD4_01_22020.mzXML	GF	Ileum	GF_Ileum
GF2_Ile2_BD5_01_22021.mzXML	GF	Ileum	GF_Ileum
GF2_Ile3_BD6_01_22022.mzXML	GF	Ileum	GF_Ileum
GF2_Ile4_BD7_01_22023.mzXML	GF	Ileum	GF_Ileum
GF2_Ile5_BD8_01_22024.mzXML	GF	Ileum	GF_Ileum
GF2_Ile6_BD9_01_22025.mzXML	GF	Ileum	GF_Ileum
GF3_Ile2_BD5_01_22247.mzXML	GF	Ileum	GF_Ileum
GF3_Ile3_BD6_01_22248.mzXML	GF	Ileum	GF_Ileum
GF3_Ile4_BD7_01_22249.mzXML	GF	Ileum	GF_Ileum
GF3_Ile5_BD8_01_22250.mzXML	GF	Ileum	GF_Ileum
GF3_Ile6_BD9_01_22251.mzXML	GF	Ileum	GF_Ileum
GF4_Ile1_BD4_01_22472.mzXML	GF	Ileum	GF_Ileum
GF4_Ile2_BD5_01_22473.mzXML	GF	Ileum	GF_Ileum
GF4_Ile3_BD6_01_22474.mzXML	GF	Ileum	GF_Ileum
GF4_Ile4_BD7_01_22475.mzXML	GF	Ileum	GF_Ileum
GF4_Ile5_BD8_01_22476.mzXML	GF	Ileum	GF_Ileum
GF4_Ile6_BD9_01_22477.mzXML	GF	Ileum	GF_Ileum
SPF1_Ile1_BD4_01_21892.mzXML	SPF	Ileum	SPF_Ileum
SPF1_Ile2_BD5_01_21893.mzXML	SPF	Ileum	SPF_Ileum
SPF1_Ile3_BD6_01_21894.mzXML	SPF	Ileum	SPF_Ileum
SPF1_Ile4_BD7_01_21895.mzXML	SPF	Ileum	SPF_Ileum
SPF1_Ile5_BD8_01_21896.mzXML	SPF	Ileum	SPF_Ileum
SPF1_Ile6_BD9_01_21897.mzXML	SPF	Ileum	SPF_Ileum
SPF2_Ile1_GD4_01_22133.mzXML	SPF	Ileum	SPF_Ileum
SPF2_Ile2_GD5_01_22134.mzXML	SPF	Ileum	SPF_Ileum
SPF2_Ile3_GD6_01_22135.mzXML	SPF	Ileum	SPF_Ileum
SPF2_Ile4_GD7_01_22136.mzXML	SPF	Ileum	SPF_Ileum
SPF2_Ile5_GD8_01_22137.mzXML	SPF	Ileum	SPF_Ileum
SPF2_Ile6_GD9_01_22138.mzXML	SPF	Ileum	SPF_Ileum
SPF3_Ile1_GD4_01_22359.mzXML	SPF	Ileum	SPF_Ileum
SPF3_Ile2_GD5_01_22360.mzXML	SPF	Ileum	SPF_Ileum
SPF3_Ile3_GD6_01_22361.mzXML	SPF	Ileum	SPF_Ileum
SPF3_Ile4_GD7_01_22362.mzXML	SPF	Ileum	SPF_Ileum
SPF3_Ile5_GD8_01_22363.mzXML	SPF	Ileum	SPF_Ileum
SPF3_Ile6_GD9_01_22364.mzXML	SPF	Ileum	SPF_Ileum
SPF4_Ile1_GD4_01_22585.mzXML	SPF	Ileum	SPF_Ileum
SPF4_Ile2_GD5_01_22586.mzXML	SPF	Ileum	SPF_Ileum
SPF4_Ile3_GD6_01_22587.mzXML	SPF	Ileum	SPF_Ileum
SPF4_Ile4_GD7_01_22588.mzXML	SPF	Ileum	SPF_Ileum
SPF4_Ile5_GD8_01_22589.mzXML	SPF	Ileum	SPF_Ileum
SPF4_Ile6_GD9_01_22590.mzXML	SPF	Ileum	SPF_Ileum
GF1_Ile1_GD4_01_21775.mzXML	GF	Ileum	GF_Ileum
GF1_Ile2_GD5_01_21776.mzXML	GF	Ileum	GF_Ileum
GF1_Ile3_GD6_01_21777.mzXML	GF	Ileum	GF_Ileum
GF1_Ile4_GD7_01_21778.mzXML	GF	Ileum	GF_Ileum
GF1_Ile5_GD8_01_21779.mzXML	GF	Ileum	GF_Ileum
GF1_Ile6_GD9_01_21780.mzXML	GF	Ileum	GF_Ileum
GF2_Jeju1_BC10_01_22012.mzXML	GF	Jejunum	GF_Jejunum
GF2_Jeju2_BC11_01_22013.mzXML	GF	Jejunum	GF_Jejunum
GF2_Jeju3_BC12_01_22014.mzXML	GF	Jejunum	GF_Jejunum
GF2_Jeju4_BD1_01_22017.mzXML	GF	Jejunum	GF_Jejunum
GF2_Jeju5_BD2_01_22018.mzXML	GF	Jejunum	GF_Jejunum
GF2_Jeju6_BD3_01_22019.mzXML	GF	Jejunum	GF_Jejunum
GF3_Jeju1_BC10_01_22238.mzXML	GF	Jejunum	GF_Jejunum
GF3_Jeju2_BC11_01_22239.mzXML	GF	Jejunum	GF_Jejunum
GF3_Jeju3_BC12_01_22240.mzXML	GF	Jejunum	GF_Jejunum
GF3_Jeju4_BD1_01_22243.mzXML	GF	Jejunum	GF_Jejunum
GF3_Jeju5_BD2_01_22244.mzXML	GF	Jejunum	GF_Jejunum
GF3_Jeju6_BD3_01_22245.mzXML	GF	Jejunum	GF_Jejunum
GF4_Jeju1_BC10_01_22464.mzXML	GF	Jejunum	GF_Jejunum
GF4_Jeju2_BC11_01_22465.mzXML	GF	Jejunum	GF_Jejunum
GF4_Jeju3_BC12_01_22466.mzXML	GF	Jejunum	GF_Jejunum
GF4_Jeju4_BD1_01_22469.mzXML	GF	Jejunum	GF_Jejunum
GF4_Jeju5_BD2_01_22470.mzXML	GF	Jejunum	GF_Jejunum
GF4_Jeju6_BD3_01_22471.mzXML	GF	Jejunum	GF_Jejunum
SPF1_Jeju1_BC10_01_21884.mzXML	SPF	Jejunum	SPF_Jejunum
SPF1_Jeju2_BC11_01_21885.mzXML	SPF	Jejunum	SPF_Jejunum
SPF1_Jeju3_BC12_01_21886.mzXML	SPF	Jejunum	SPF_Jejunum
SPF1_Jeju4_BD1_01_21889.mzXML	SPF	Jejunum	SPF_Jejunum
SPF1_Jeju5_BD2_01_21890.mzXML	SPF	Jejunum	SPF_Jejunum
SPF1_Jeju6_BD3_01_21891.mzXML	SPF	Jejunum	SPF_Jejunum
SPF2_Jeju1_GC10_01_22125.mzXML	SPF	Jejunum	SPF_Jejunum
SPF2_Jeju2_GC11_01_22126.mzXML	SPF	Jejunum	SPF_Jejunum
SPF2_Jeju3_GC12_01_22127.mzXML	SPF	Jejunum	SPF_Jejunum
SPF2_Jeju4_GD1_01_22130.mzXML	SPF	Jejunum	SPF_Jejunum
SPF2_Jeju5_GD2_01_22131.mzXML	SPF	Jejunum	SPF_Jejunum
SPF2_Jeju6_GD3_01_22132.mzXML	SPF	Jejunum	SPF_Jejunum
SPF3_Jeju1_GC10_01_22351.mzXML	SPF	Jejunum	SPF_Jejunum
SPF3_Jeju2_GC11_01_22352.mzXML	SPF	Jejunum	SPF_Jejunum
SPF3_Jeju3_GC12_01_22353.mzXML	SPF	Jejunum	SPF_Jejunum
SPF3_Jeju4_GD1_01_22356.mzXML	SPF	Jejunum	SPF_Jejunum
SPF3_Jeju5_GD2_01_22357.mzXML	SPF	Jejunum	SPF_Jejunum
SPF3_Jeju6_GD3_01_22358.mzXML	SPF	Jejunum	SPF_Jejunum
SPF4_Jeju1_GC10_01_22577.mzXML	SPF	Jejunum	SPF_Jejunum
SPF4_Jeju2_GC11_01_22578.mzXML	SPF	Jejunum	SPF_Jejunum
SPF4_Jeju3_GC12_01_22579.mzXML	SPF	Jejunum	SPF_Jejunum
SPF4_Jeju4_GD1_01_22582.mzXML	SPF	Jejunum	SPF_Jejunum
SPF4_Jeju5_GD2_01_22583.mzXML	SPF	Jejunum	SPF_Jejunum
SPF4_Jeju6_GD3_01_22584.mzXML	SPF	Jejunum	SPF_Jejunum
GF1_Jeju1_GC10_01_21767.mzXML	GF	Jejunum	GF_Jejunum
GF1_Jeju2_GC11_01_21768.mzXML	GF	Jejunum	GF_Jejunum
GF1_Jeju3_GC12_01_21769.mzXML	GF	Jejunum	GF_Jejunum
GF1_Jeju4_GD1_01_21772.mzXML	GF	Jejunum	GF_Jejunum
GF1_Jeju5_GD2_01_21773.mzXML	GF	Jejunum	GF_Jejunum
GF1_Jeju6_GD3_01_21774.mzXML	GF	Jejunum	GF_Jejunum
GF2_Kid1_BE11_01_22041.mzXML	GF	Kidney	GF_Kidney
GF2_Kid2_BE12_01_22042.mzXML	GF	Kidney	GF_Kidney
GF2_Kid3_BF1_01_22045.mzXML	GF	Kidney	GF_Kidney
GF2_Kid4_BF2_01_22046.mzXML	GF	Kidney	GF_Kidney
GF3_Kid1_BE11_01_22267.mzXML	GF	Kidney	GF_Kidney
GF3_Kid2_BE12_01_22268.mzXML	GF	Kidney	GF_Kidney
GF3_Kid3_BF1_01_22271.mzXML	GF	Kidney	GF_Kidney
GF3_Kid4_BF2_01_22272.mzXML	GF	Kidney	GF_Kidney
GF4_Kid1_BE11_01_22493.mzXML	GF	Kidney	GF_Kidney
GF4_Kid2_BE12_01_22494.mzXML	GF	Kidney	GF_Kidney
GF4_Kid3_BF1_01_22497.mzXML	GF	Kidney	GF_Kidney
GF4_Kid4_BF2_01_22498.mzXML	GF	Kidney	GF_Kidney
SPF1_Kid1_BE11_01_21913.mzXML	SPF	Kidney	SPF_Kidney
SPF1_Kid2_BE12_01_21914.mzXML	SPF	Kidney	SPF_Kidney
SPF1_Kid3_BF1_01_21917.mzXML	SPF	Kidney	SPF_Kidney
SPF1_Kid4_BF2_01_21918.mzXML	SPF	Kidney	SPF_Kidney
SPF2_Kid1_GE11_01_22154.mzXML	SPF	Kidney	SPF_Kidney
SPF2_Kid2_GE12_01_22155.mzXML	SPF	Kidney	SPF_Kidney
SPF2_Kid3_GF1_01_22158.mzXML	SPF	Kidney	SPF_Kidney
SPF2_Kid4_GF2_01_22159.mzXML	SPF	Kidney	SPF_Kidney
SPF3_Kid1_GE11_01_22380.mzXML	SPF	Kidney	SPF_Kidney
SPF3_Kid2_GE12_01_22381.mzXML	SPF	Kidney	SPF_Kidney
SPF3_Kid3_GF1_01_22384.mzXML	SPF	Kidney	SPF_Kidney
SPF3_Kid4_GF2_01_22385.mzXML	SPF	Kidney	SPF_Kidney
SPF4_Kid1_GE11_01_22606.mzXML	SPF	Kidney	SPF_Kidney
SPF4_Kid2_GE12_01_22607.mzXML	SPF	Kidney	SPF_Kidney
SPF4_Kid3_GF1_01_22610.mzXML	SPF	Kidney	SPF_Kidney
SPF4_Kid4_GF2_01_22611.mzXML	SPF	Kidney	SPF_Kidney
GF1_Kid1_GE11_01_21797.mzXML	GF	Kidney	GF_Kidney
GF1_Kid2_GE12_01_21798.mzXML	GF	Kidney	GF_Kidney
GF1_Kid3_GF1_01_21801.mzXML	GF	Kidney	GF_Kidney
GF1_Kid4_GF2_01_21802.mzXML	GF	Kidney	GF_Kidney
GF1_Liver1_GB5_01_21748.mzXML	GF	Liver	GF_Liver
GF1_Liver2_GB6_01_21749.mzXML	GF	Liver	GF_Liver
GF1_Liver3_GB7_01_21750.mzXML	GF	Liver	GF_Liver
GF1_Liver4_GB8_01_21751.mzXML	GF	Liver	GF_Liver
GF1_Liver5_GB9_01_21752.mzXML	GF	Liver	GF_Liver
GF2_Liver1_BB5_01_21993.mzXML	GF	Liver	GF_Liver
GF2_Liver2_BB6_01_21994.mzXML	GF	Liver	GF_Liver
GF2_Liver3_BB7_01_21995.mzXML	GF	Liver	GF_Liver
GF2_Liver4_BB8_01_21996.mzXML	GF	Liver	GF_Liver
GF2_Liver5_BB9_01_21997.mzXML	GF	Liver	GF_Liver
GF3_Liver1_BB5_01_22219.mzXML	GF	Liver	GF_Liver
GF3_Liver2_BB6_01_22220.mzXML	GF	Liver	GF_Liver
GF3_Liver3_BB7_01_22221.mzXML	GF	Liver	GF_Liver
GF3_Liver4_BB8_01_22222.mzXML	GF	Liver	GF_Liver
GF3_Liver5_BB9_01_22223.mzXML	GF	Liver	GF_Liver
GF4_Liver1_BB5_01_22445.mzXML	GF	Liver	GF_Liver
GF4_Liver2_BB6_01_22446.mzXML	GF	Liver	GF_Liver
GF4_Liver3_BB7_01_22447.mzXML	GF	Liver	GF_Liver
GF4_Liver4_BB8_01_22448.mzXML	GF	Liver	GF_Liver
GF4_Liver5_BB9_01_22449.mzXML	GF	Liver	GF_Liver
SPF1_Liver1_BB5_01_21865.mzXML	SPF	Liver	SPF_Liver
SPF1_Liver2_BB6_01_21866.mzXML	SPF	Liver	SPF_Liver
SPF1_Liver3_BB7_01_21867.mzXML	SPF	Liver	SPF_Liver
SPF1_Liver4_GB8_01_21868.mzXML	SPF	Liver	SPF_Liver
SPF1_Liver5_BB9_01_21869.mzXML	SPF	Liver	SPF_Liver
SPF2_Liver1_GB5_01_22106.mzXML	SPF	Liver	SPF_Liver
SPF2_Liver2_GB6_01_22107.mzXML	SPF	Liver	SPF_Liver
SPF2_Liver3_GB7_01_22108.mzXML	SPF	Liver	SPF_Liver
SPF2_Liver4_GB8_01_22109.mzXML	SPF	Liver	SPF_Liver
SPF2_Liver5_GB9_01_22110.mzXML	SPF	Liver	SPF_Liver
SPF3_Liver1_GB5_01_22332.mzXML	SPF	Liver	SPF_Liver
SPF3_Liver2_GB6_01_22333.mzXML	SPF	Liver	SPF_Liver
SPF3_Liver3_GB7_01_22334.mzXML	SPF	Liver	SPF_Liver
SPF3_Liver4_GB8_01_22335.mzXML	SPF	Liver	SPF_Liver
SPF3_Liver5_GB9_01_22336.mzXML	SPF	Liver	SPF_Liver
SPF4_Liver1_GB5_01_22558.mzXML	SPF	Liver	SPF_Liver
SPF4_Liver2_GB6_01_22559.mzXML	SPF	Liver	SPF_Liver
SPF4_Liver3_GB7_01_22560.mzXML	SPF	Liver	SPF_Liver
SPF4_Liver4_GB8_01_22561.mzXML	SPF	Liver	SPF_Liver
SPF4_Liver5_GB9_01_22562.mzXML	SPF	Liver	SPF_Liver
GF1_Lung1_GG7_01_21821.mzXML	GF	Lung	GF_Lung
GF1_Lung2_GG8_01_21822.mzXML	GF	Lung	GF_Lung
GF1_Lung3_GG9_01_21823.mzXML	GF	Lung	GF_Lung
GF1_Lung4_GG10_01_21824.mzXML	GF	Lung	GF_Lung
GF1_Lung5_GG11_01_21825.mzXML	GF	Lung	GF_Lung
GF2_Lung1_BG7_01_22065.mzXML	GF	Lung	GF_Lung
GF2_Lung2_BG8_01_22066.mzXML	GF	Lung	GF_Lung
GF2_Lung3_BG9_01_22067.mzXML	GF	Lung	GF_Lung
GF2_Lung4_BG10_01_22068.mzXML	GF	Lung	GF_Lung
GF2_Lung5_BG11_01_22069.mzXML	GF	Lung	GF_Lung
GF3_Lung1_BG7_01_22291.mzXML	GF	Lung	GF_Lung
GF3_Lung2_BG8_01_22292.mzXML	GF	Lung	GF_Lung
GF3_Lung3_BG9_01_22293.mzXML	GF	Lung	GF_Lung
GF3_Lung4_BG10_01_22294.mzXML	GF	Lung	GF_Lung
GF3_Lung5_BG11_01_22295.mzXML	GF	Lung	GF_Lung
GF4_Lung1_BG7_01_22517.mzXML	GF	Lung	GF_Lung
GF4_Lung2_BG8_01_22518.mzXML	GF	Lung	GF_Lung
GF4_Lung3_BG9_01_22519.mzXML	GF	Lung	GF_Lung
GF4_Lung4_BG10_01_22520.mzXML	GF	Lung	GF_Lung
GF4_Lung5_BG11_01_22521.mzXML	GF	Lung	GF_Lung
SPF1_Lung1_BG7_01_21937.mzXML	SPF	Lung	SPF_Lung
SPF1_Lung2_BG8_01_21938.mzXML	SPF	Lung	SPF_Lung
SPF1_Lung3_BG9_01_21939.mzXML	SPF	Lung	SPF_Lung
SPF1_Lung4_BG10_01_21940.mzXML	SPF	Lung	SPF_Lung
SPF1_Lung5_BG11_01_21941.mzXML	SPF	Lung	SPF_Lung
SPF2_Lung1_GG7_01_22178.mzXML	SPF	Lung	SPF_Lung
SPF2_Lung2_GG8_01_22179.mzXML	SPF	Lung	SPF_Lung
SPF2_Lung3_GG9_01_22180.mzXML	SPF	Lung	SPF_Lung
SPF2_Lung4_GG10_01_22181.mzXML	SPF	Lung	SPF_Lung
SPF2_Lung5_GG11_01_22182.mzXML	SPF	Lung	SPF_Lung
SPF3_Lung1_GG7_01_22404.mzXML	SPF	Lung	SPF_Lung
SPF3_Lung2_GG8_01_22405.mzXML	SPF	Lung	SPF_Lung
SPF3_Lung3_GG9_01_22406.mzXML	SPF	Lung	SPF_Lung
SPF3_Lung4_GG10_01_22407.mzXML	SPF	Lung	SPF_Lung
SPF3_Lung5_GG11_01_22408.mzXML	SPF	Lung	SPF_Lung
SPF4_Lung1_GG7_01_22630.mzXML	SPF	Lung	SPF_Lung
SPF4_Lung2_GG8_01_22631.mzXML	SPF	Lung	SPF_Lung
SPF4_Lung3_GG9_01_22632.mzXML	SPF	Lung	SPF_Lung
SPF4_Lung4_GG10_01_22633.mzXML	SPF	Lung	SPF_Lung
SPF4_Lung5_GG11_01_22634.mzXML	SPF	Lung	SPF_Lung
GF2_Mouth_BA11_01_21984.mzXML	GF	Mouth_swab	GF_Mouth_swab
GF3_Mouth_BA11_01_22211.mzXML	GF	Mouth_swab	GF_Mouth_swab
GF4_Mouth_BA11_01_22437.mzXML	GF	Mouth_swab	GF_Mouth_swab
SPF1_Mouth_BA11_01_21855.mzXML	SPF	Mouth_swab	SPF_Mouth_swab
SPF1_Mouth_BA11_01_21856.mzXML	SPF	Mouth_swab	SPF_Mouth_swab
SPF2_Mouth_GA11_01_22098.mzXML	SPF	Mouth_swab	SPF_Mouth_swab
SPF3_Mouth_GA11_01_22324.mzXML	SPF	Mouth_swab	SPF_Mouth_swab
SPF4_Mouth_GA11_01_22550.mzXML	SPF	Mouth_swab	SPF_Mouth_swab
GF1_Mouth_GA11_01_21739.mzXML	GF	Mouth_swab	GF_Mouth_swab
GF1_Ovary1_GF5_01_21805.mzXML	GF	Ovary	GF_Ovary
GF1_Ovary2_GF6_01_21806.mzXML	GF	Ovary	GF_Ovary
GF2_Ovary1_BF5_01_22049.mzXML	GF	Ovary	GF_Ovary
GF2_Ovary2_BF6_01_22050.mzXML	GF	Ovary	GF_Ovary
GF3_Ovary1_BF5_01_22275.mzXML	GF	Ovary	GF_Ovary
GF3_Ovary2_BF6_01_22276.mzXML	GF	Ovary	GF_Ovary
GF4_Ovary1_BF5_01_22501.mzXML	GF	Ovary	GF_Ovary
GF4_Ovary2_BF6_01_22502.mzXML	GF	Ovary	GF_Ovary
SPF1_Ovary1_BF5_01_21921.mzXML	SPF	Ovary	SPF_Ovary
SPF1_Ovary2_BF6_01_21922.mzXML	SPF	Ovary	SPF_Ovary
SPF2_Ovary1_GF5_01_22162.mzXML	SPF	Ovary	SPF_Ovary
SPF2_Ovary2_GF6_01_22163.mzXML	SPF	Ovary	SPF_Ovary
SPF3_Ovary1_GF5_01_22388.mzXML	SPF	Ovary	SPF_Ovary
SPF3_Ovary2_GF6_01_22389.mzXML	SPF	Ovary	SPF_Ovary
SPF4_Ovary1_GF5_01_22614.mzXML	SPF	Ovary	SPF_Ovary
SPF4_Ovary2_GF6_01_22615.mzXML	SPF	Ovary	SPF_Ovary
GF1_Pancreas1_GB10_01_21753.mzXML	GF	Pancreas	GF_Pancreas
GF1_Pancreas2_GB11_01_21754.mzXML	GF	Pancreas	GF_Pancreas
GF1_Pancreas3_GB12_01_21755.mzXML	GF	Pancreas	GF_Pancreas
GF2_Pancreas1_BB10_01_21998.mzXML	GF	Pancreas	GF_Pancreas
GF2_Pancreas2_BB11_01_21999.mzXML	GF	Pancreas	GF_Pancreas
GF2_Pancreas3_BB12_01_22000.mzXML	GF	Pancreas	GF_Pancreas
GF3_Pancreas1_BB10_01_22224.mzXML	GF	Pancreas	GF_Pancreas
GF3_Pancreas2_BB11_01_22225.mzXML	GF	Pancreas	GF_Pancreas
GF3_Pancreas3_BB12_01_22226.mzXML	GF	Pancreas	GF_Pancreas
GF4_Pancreas1_BB10_01_22450.mzXML	GF	Pancreas	GF_Pancreas
GF4_Pancreas2_BB11_01_22451.mzXML	GF	Pancreas	GF_Pancreas
GF4_Pancreas3_BB12_01_22452.mzXML	GF	Pancreas	GF_Pancreas
SPF1_Pancreas1_BB10_01_21870.mzXML	SPF	Pancreas	SPF_Pancreas
SPF1_Pancreas2_BB11_01_21871.mzXML	SPF	Pancreas	SPF_Pancreas
SPF1_Pancreas3_BB12_01_21872.mzXML	SPF	Pancreas	SPF_Pancreas
SPF2_Pancreas1_GB10_01_22111.mzXML	SPF	Pancreas	SPF_Pancreas
SPF2_Pancreas2_GB11_01_22112.mzXML	SPF	Pancreas	SPF_Pancreas
SPF2_Pancreas3_GB12_01_22113.mzXML	SPF	Pancreas	SPF_Pancreas
SPF3_Pancreas1_GB10_01_22337.mzXML	SPF	Pancreas	SPF_Pancreas
SPF3_Pancreas2_GB11_01_22338.mzXML	SPF	Pancreas	SPF_Pancreas
SPF3_Pancreas3_GB12_01_22339.mzXML	SPF	Pancreas	SPF_Pancreas
SPF4_Pancreas1_GB10_01_22563.mzXML	SPF	Pancreas	SPF_Pancreas
SPF4_Pancreas2_GB11_01_22564.mzXML	SPF	Pancreas	SPF_Pancreas
SPF4_Pancreas3_GB12_01_22565.mzXML	SPF	Pancreas	SPF_Pancreas
Mix_RB1_01_21742.mzXML	6mix	6mix	6mix
Mix_RB1_01_21756.mzXML	6mix	6mix	6mix
Mix_RB1_01_21770.mzXML	6mix	6mix	6mix
Mix_RB1_01_21784.mzXML	6mix	6mix	6mix
Mix_RB1_01_21799.mzXML	6mix	6mix	6mix
Mix_RB1_01_21813.mzXML	6mix	6mix	6mix
Mix_RB3_01_22170.mzXML	6mix	6mix	6mix
Mix_RB3_01_22184.mzXML	6mix	6mix	6mix
Mix_RB3_01_22198.mzXML	6mix	6mix	6mix
Mix_RB3_01_22255.mzXML	6mix	6mix	6mix
Mix_RB4_01_22241.mzXML	6mix	6mix	6mix
Mix_RB4_01_22269.mzXML	6mix	6mix	6mix
Mix_RB4_01_22283.mzXML	6mix	6mix	6mix
Mix_RB4_01_22326.mzXML	6mix	6mix	6mix
Mix_RB4_01_22340.mzXML	6mix	6mix	6mix
Mix_RB4_01_22354.mzXML	6mix	6mix	6mix
Mix_RB4_01_22368.mzXML	6mix	6mix	6mix
Mix_RB5_01_22382.mzXML	6mix	6mix	6mix
Mix_RB6_01_22481.mzXML	6mix	6mix	6mix
Mix_RB6_01_22495.mzXML	6mix	6mix	6mix
Mix_RB6_01_22509.mzXML	6mix	6mix	6mix
Mix_RB6_01_22523.mzXML	6mix	6mix	6mix
Mix_RB7_01_22552.mzXML	6mix	6mix	6mix
Mix_RB7_01_22566.mzXML	6mix	6mix	6mix
Mix_RB7_01_22580.mzXML	6mix	6mix	6mix
Mix_RB7_01_22594.mzXML	6mix	6mix	6mix
GF2_Skin1_BA3_01_21976.mzXML	GF	Skin_swab	GF_Skin_swab
GF2_Skin2_BA4_01_21977.mzXML	GF	Skin_swab	GF_Skin_swab
GF3_Skin1_BA3_01_22203.mzXML	GF	Skin_swab	GF_Skin_swab
GF3_Skin2_BA4_01_22204.mzXML	GF	Skin_swab	GF_Skin_swab
GF4_Skin1_BA3_01_22429.mzXML	GF	Skin_swab	GF_Skin_swab
GF4_Skin2_BA4_01_22430.mzXML	GF	Skin_swab	GF_Skin_swab
SPF1_Skin1_BA3_01_21847.mzXML	SPF	Skin_swab	SPF_Skin_swab
SPF1_Skin2_BA4_01_21848.mzXML	SPF	Skin_swab	SPF_Skin_swab
SPF2_Skin1_GA3_01_22090.mzXML	SPF	Skin_swab	SPF_Skin_swab
SPF2_Skin2_GA4_01_22091.mzXML	SPF	Skin_swab	SPF_Skin_swab
SPF3_Skin1_GA3_01_22316.mzXML	SPF	Skin_swab	SPF_Skin_swab
SPF3_Skin2_GA4_01_22317.mzXML	SPF	Skin_swab	SPF_Skin_swab
SPF4_Skin1_GA3_01_22542.mzXML	SPF	Skin_swab	SPF_Skin_swab
SPF4_Skin2_GA4_01_22543.mzXML	SPF	Skin_swab	SPF_Skin_swab
GF1_Skin1_GA3_01_21731.mzXML	GF	Skin_swab	GF_Skin_swab
GF1_Skin2_GA4_01_21732.mzXML	GF	Skin_swab	GF_Skin_swab
GF1_Spleen1_GA12_01_21740.mzXML	GF	Spleen	GF_Spleen
GF1_Spleen2_GB1_01_21744.mzXML	GF	Spleen	GF_Spleen
GF1_Spleen3_GB2_01_21745.mzXML	GF	Spleen	GF_Spleen
GF1_Spleen4_GB3_01_21746.mzXML	GF	Spleen	GF_Spleen
GF2_Spleen1_BA12_01_21985.mzXML	GF	Spleen	GF_Spleen
GF2_Spleen2_BB1_01_21989.mzXML	GF	Spleen	GF_Spleen
GF2_Spleen3_BB2_01_21990.mzXML	GF	Spleen	GF_Spleen
GF2_Spleen4_BB3_01_21991.mzXML	GF	Spleen	GF_Spleen
GF3_Spleen1_BA12_01_22212.mzXML	GF	Spleen	GF_Spleen
GF3_Spleen2_BB1_01_22215.mzXML	GF	Spleen	GF_Spleen
GF3_Spleen3_BB2_01_22216.mzXML	GF	Spleen	GF_Spleen
GF3_Spleen4_BB3_01_22217.mzXML	GF	Spleen	GF_Spleen
GF4_Spleen1_BA12_01_22438.mzXML	GF	Spleen	GF_Spleen
GF4_Spleen2_BB1_01_22441.mzXML	GF	Spleen	GF_Spleen
GF4_Spleen3_BB2_01_22442.mzXML	GF	Spleen	GF_Spleen
GF4_Spleen4_BB3_01_22443.mzXML	GF	Spleen	GF_Spleen
SPF1_Spleen1_BA12_01_21857.mzXML	SPF	Spleen	SPF_Spleen
SPF1_Spleen2_BB1_01_21861.mzXML	SPF	Spleen	SPF_Spleen
SPF1_Spleen3_BB2_01_21862.mzXML	SPF	Spleen	SPF_Spleen
SPF1_Spleen4_BB3_01_21863.mzXML	SPF	Spleen	SPF_Spleen
SPF2_Spleen1_GA12_01_22099.mzXML	SPF	Spleen	SPF_Spleen
SPF2_Spleen2_GB1_01_22102.mzXML	SPF	Spleen	SPF_Spleen
SPF2_Spleen3_GB2_01_22103.mzXML	SPF	Spleen	SPF_Spleen
SPF2_Spleen4_GB3_01_22104.mzXML	SPF	Spleen	SPF_Spleen
SPF3_Spleen1_GA12_01_22325.mzXML	SPF	Spleen	SPF_Spleen
SPF3_Spleen2_GB1_01_22328.mzXML	SPF	Spleen	SPF_Spleen
SPF3_Spleen3_GB2_01_22329.mzXML	SPF	Spleen	SPF_Spleen
SPF3_Spleen4_GB3_01_22330.mzXML	SPF	Spleen	SPF_Spleen
SPF4_Spleen1_GA12_01_22551.mzXML	SPF	Spleen	SPF_Spleen
SPF4_Spleen2_GB1_01_22554.mzXML	SPF	Spleen	SPF_Spleen
SPF4_Spleen3_GB2_01_22555.mzXML	SPF	Spleen	SPF_Spleen
SPF4_Spleen4_GB3_01_22556.mzXML	SPF	Spleen	SPF_Spleen
GF1_Stomach1_GC1_01_21758.mzXML	GF	Stomach	GF_Stomach
GF1_Stomach2_GC2_01_21759.mzXML	GF	Stomach	GF_Stomach
GF1_Stomach3_GC3_01_21760.mzXML	GF	Stomach	GF_Stomach
GF2_Stomach1_BC1_01_22003.mzXML	GF	Stomach	GF_Stomach
GF2_Stomach2_BC2_01_22004.mzXML	GF	Stomach	GF_Stomach
GF2_Stomach3_BC3_01_22005.mzXML	GF	Stomach	GF_Stomach
GF3_Stomach1_BC1_01_22229.mzXML	GF	Stomach	GF_Stomach
GF3_Stomach2_BC2_01_22230.mzXML	GF	Stomach	GF_Stomach
GF3_Stomach3_BC3_01_22231.mzXML	GF	Stomach	GF_Stomach
GF4_Stomach1_BC1_01_22455.mzXML	GF	Stomach	GF_Stomach
GF4_Stomach2_BC2_01_22456.mzXML	GF	Stomach	GF_Stomach
GF4_Stomach3_BC3_01_22457.mzXML	GF	Stomach	GF_Stomach
SPF1_Stomach1_BC1_01_21875.mzXML	SPF	Stomach	SPF_Stomach
SPF1_Stomach2_BC2_01_21876.mzXML	SPF	Stomach	SPF_Stomach
SPF1_Stomach3_BC3_01_21877.mzXML	SPF	Stomach	SPF_Stomach
SPF2_Stomach1_GC1_01_22116.mzXML	SPF	Stomach	SPF_Stomach
SPF2_Stomach2_GC2_01_22117.mzXML	SPF	Stomach	SPF_Stomach
SPF2_Stomach3_GC3_01_22118.mzXML	SPF	Stomach	SPF_Stomach
SPF3_Stomach1_GC1_01_22342.mzXML	SPF	Stomach	SPF_Stomach
SPF3_Stomach2_GC2_01_22343.mzXML	SPF	Stomach	SPF_Stomach
SPF3_Stomach3_GC3_01_22344.mzXML	SPF	Stomach	SPF_Stomach
SPF4_Stomach1_GC1_01_22568.mzXML	SPF	Stomach	SPF_Stomach
SPF4_Stomach2_GC2_01_22569.mzXML	SPF	Stomach	SPF_Stomach
SPF4_Stomach3_GC3_01_22570.mzXML	SPF	Stomach	SPF_Stomach
GF1_Stool_GA1_01_21728.mzXML	GF	Stool	GF_Stool
GF2_Stool_BA1_01_21972.mzXML	GF	Stool	GF_Stool
GF3_Stool_BA1_01_22201.mzXML	GF	Stool	GF_Stool
GF4_Stool_BA1_01_22427.mzXML	GF	Stool	GF_Stool
SPF1_Stool_BA1_01_21845.mzXML	SPF	Stool	SPF_Stool
SPF2_Stool_GA1_01_22087.mzXML	SPF	Stool	SPF_Stool
SPF3_Stool_GA1_01_22313.mzXML	SPF	Stool	SPF_Stool
SPF4_Stool_GA1_01_22540.mzXML	SPF	Stool	SPF_Stool
GF1_Thymus_GH8_01_21836.mzXML	GF	Thymus	GF_Thymus
GF2_Thymus_BH8_01_22080.mzXML	GF	Thymus	GF_Thymus
GF3_Thymus_BH8_01_22306.mzXML	GF	Thymus	GF_Thymus
GF4_Thymus_BH8_01_22532.mzXML	GF	Thymus	GF_Thymus
SPF1_Thymus_BH8_01_21952.mzXML	SPF	Thymus	SPF_Thymus
SPF2_Thymus_GH8_01_22193.mzXML	SPF	Thymus	SPF_Thymus
SPF3_Thymus_GH8_01_22419.mzXML	SPF	Thymus	SPF_Thymus
SPF4_Thymus_GH8_01_22646.mzXML	SPF	Thymus	SPF_Thymus
GF2_Trach1_BG12_01_22070.mzXML	GF	Trachea	GF_Trachea
GF2_Trach2_BH1_01_22073.mzXML	GF	Trachea	GF_Trachea
GF2_Trach3_BH2_01_22074.mzXML	GF	Trachea	GF_Trachea
GF2_Trach4_BH3_01_22075.mzXML	GF	Trachea	GF_Trachea
GF3_Trach1_BG12_01_22296.mzXML	GF	Trachea	GF_Trachea
GF3_Trach2_BH1_01_22299.mzXML	GF	Trachea	GF_Trachea
GF3_Trach3_BH2_01_22300.mzXML	GF	Trachea	GF_Trachea
GF3_Trach4_BH3_01_22301.mzXML	GF	Trachea	GF_Trachea
GF4_Trach1_BG12_01_22522.mzXML	GF	Trachea	GF_Trachea
GF4_Trach2_BH1_01_22525.mzXML	GF	Trachea	GF_Trachea
GF4_Trach3_BH2_01_22526.mzXML	GF	Trachea	GF_Trachea
GF4_Trach4_BH3_01_22527.mzXML	GF	Trachea	GF_Trachea
SPF1_Trach1_BG12_01_21942.mzXML	SPF	Trachea	SPF_Trachea
SPF1_Trach2_BH1_01_21945.mzXML	SPF	Trachea	SPF_Trachea
SPF1_Trach3_BH2_01_21946.mzXML	SPF	Trachea	SPF_Trachea
SPF1_Trach4_BH3_01_21947.mzXML	SPF	Trachea	SPF_Trachea
SPF2_Trach1_GG12_01_22183.mzXML	SPF	Trachea	SPF_Trachea
SPF2_Trach2_GH1_01_22186.mzXML	SPF	Trachea	SPF_Trachea
SPF2_Trach3_GH2_01_22187.mzXML	SPF	Trachea	SPF_Trachea
SPF2_Trach4_GH3_01_22188.mzXML	SPF	Trachea	SPF_Trachea
SPF3_Trach1_GG12_01_22409.mzXML	SPF	Trachea	SPF_Trachea
SPF3_Trach2_GH1_01_22412.mzXML	SPF	Trachea	SPF_Trachea
SPF3_Trach3_GH2_01_22413.mzXML	SPF	Trachea	SPF_Trachea
SPF3_Trach4_GH3_01_22414.mzXML	SPF	Trachea	SPF_Trachea
SPF4_Trach1_GG12_01_22635.mzXML	SPF	Trachea	SPF_Trachea
SPF4_Trach2_GH1_01_22638.mzXML	SPF	Trachea	SPF_Trachea
SPF4_Trach3_GH2_01_22639.mzXML	SPF	Trachea	SPF_Trachea
SPF4_Trach4_GH3_01_22640.mzXML	SPF	Trachea	SPF_Trachea
GF1_Trach1_GG12_01_21826.mzXML	GF	Trachea	GF_Trachea
GF1_Trach2_GH1_01_21829.mzXML	GF	Trachea	GF_Trachea
GF1_Trach3_GH2_01_21830.mzXML	GF	Trachea	GF_Trachea
GF1_Trach4_GH3_01_21831.mzXML	GF	Trachea	GF_Trachea
GF1_Uterus1_GF7_01_21807.mzXML	GF	Uterus	GF_Uterus
GF1_Uterus2_GF8_01_21808.mzXML	GF	Uterus	GF_Uterus
GF1_Uterus3_GF9_01_21809.mzXML	GF	Uterus	GF_Uterus
GF1_Uterus4_GF10_01_21810.mzXML	GF	Uterus	GF_Uterus
GF1_Uterus5_GF11_01_21811.mzXML	GF	Uterus	GF_Uterus
GF2_Uterus1_BF7_01_22051.mzXML	GF	Uterus	GF_Uterus
GF2_Uterus2_BF8_01_22052.mzXML	GF	Uterus	GF_Uterus
GF2_Uterus3_BF9_01_22053.mzXML	GF	Uterus	GF_Uterus
GF2_Uterus4_BF10_01_22054.mzXML	GF	Uterus	GF_Uterus
GF2_Uterus5_BF11_01_22055.mzXML	GF	Uterus	GF_Uterus
GF3_Uterus1_BF7_01_22277.mzXML	GF	Uterus	GF_Uterus
GF3_Uterus2_BF8_01_22278.mzXML	GF	Uterus	GF_Uterus
GF3_Uterus3_BF9_01_22279.mzXML	GF	Uterus	GF_Uterus
GF3_Uterus4_BF10_01_22280.mzXML	GF	Uterus	GF_Uterus
GF3_Uterus5_BF11_01_22281.mzXML	GF	Uterus	GF_Uterus
GF4_Uterus1_BF7_01_22503.mzXML	GF	Uterus	GF_Uterus
GF4_Uterus2_BF8_01_22504.mzXML	GF	Uterus	GF_Uterus
GF4_Uterus3_BF9_01_22505.mzXML	GF	Uterus	GF_Uterus
GF4_Uterus4_BF10_01_22506.mzXML	GF	Uterus	GF_Uterus
GF4_Uterus5_BF11_01_22507.mzXML	GF	Uterus	GF_Uterus
SPF1_Uterus1_BF7_01_21923.mzXML	SPF	Uterus	SPF_Uterus
SPF1_Uterus2_BF8_01_21924.mzXML	SPF	Uterus	SPF_Uterus
SPF1_Uterus3_BF9_01_21925.mzXML	SPF	Uterus	SPF_Uterus
SPF1_Uterus4_BF10_01_21926.mzXML	SPF	Uterus	SPF_Uterus
SPF1_Uterus5_BF11_01_21927.mzXML	SPF	Uterus	SPF_Uterus
SPF2_Uterus1_GF7_01_22164.mzXML	SPF	Uterus	SPF_Uterus
SPF2_Uterus2_GF8_01_22165.mzXML	SPF	Uterus	SPF_Uterus
SPF2_Uterus3_GF9_01_22166.mzXML	SPF	Uterus	SPF_Uterus
SPF2_Uterus4_GF10_01_22167.mzXML	SPF	Uterus	SPF_Uterus
SPF2_Uterus5_GF11_01_22168.mzXML	SPF	Uterus	SPF_Uterus
SPF3_Uterus1_GF7_01_22390.mzXML	SPF	Uterus	SPF_Uterus
SPF3_Uterus2_GF8_01_22391.mzXML	SPF	Uterus	SPF_Uterus
SPF3_Uterus3_GF9_01_22392.mzXML	SPF	Uterus	SPF_Uterus
SPF3_Uterus4_GF10_01_22393.mzXML	SPF	Uterus	SPF_Uterus
SPF3_Uterus5_GF11_01_22394.mzXML	SPF	Uterus	SPF_Uterus
SPF4_Uterus1_GF7_01_22616.mzXML	SPF	Uterus	SPF_Uterus
SPF4_Uterus2_GF8_01_22617.mzXML	SPF	Uterus	SPF_Uterus
SPF4_Uterus3_GF9_01_22618.mzXML	SPF	Uterus	SPF_Uterus
SPF4_Uterus4_GF10_01_22619.mzXML	SPF	Uterus	SPF_Uterus
SPF4_Uterus5_GF11_01_22620.mzXML	SPF	Uterus	SPF_Uterus
GF1_Vagina1_GF12_01_21812.mzXML	GF	Vagina	GF_Vagina
GF1_Vagina2_GG1_01_21815.mzXML	GF	Vagina	GF_Vagina
GF2_Vagina1_BF12_01_22056.mzXML	GF	Vagina	GF_Vagina
GF2_Vagina2_BG1_01_22059.mzXML	GF	Vagina	GF_Vagina
GF3_Vagina1_BF12_01_22282.mzXML	GF	Vagina	GF_Vagina
GF3_Vagina2_BG1_01_22285.mzXML	GF	Vagina	GF_Vagina
GF4_Vagina1_BF12_01_22508.mzXML	GF	Vagina	GF_Vagina
GF4_Vagina2_BG1_01_22511.mzXML	GF	Vagina	GF_Vagina
SPF1_Vagina1_BF12_01_21928.mzXML	SPF	Vagina	SPF_Vagina
SPF1_Vagina2_BG1_01_21931.mzXML	SPF	Vagina	SPF_Vagina
SPF2_Vagina2_GG1_01_22172.mzXML	SPF	Vagina	SPF_Vagina
SPF3_Vagina1_GF12_01_22395.mzXML	SPF	Vagina	SPF_Vagina
SPF3_Vagina2_GG1_01_22398.mzXML	SPF	Vagina	SPF_Vagina
SPF4_Vagina1_GF12_01_22621.mzXML	SPF	Vagina	SPF_Vagina
SPF4_Vagina2_GG1_01_22624.mzXML	SPF	Vagina	SPF_Vagina